level,name,pid,start_time,end_time,duration,source_file
warning,scheduled task 074,71766,11:45:04,11:50:51,00:05:47,denis
warning,scheduled task 268,87228,11:44:25,11:53:53,00:09:28,denis
warning,scheduled task 811,50295,11:48:45,11:55:20,00:06:35,denis
warning,scheduled task 294,27222,11:50:07,11:56:15,00:06:08,denis
warning,scheduled task 794,87570,11:53:57,12:01:50,00:07:53,denis
warning,background job sqm,99672,11:57:08,12:02:21,00:05:13,denis
warning,background job xfg,86716,11:59:29,12:05:03,00:05:34,denis
warning,scheduled task 746,98746,12:04:18,12:11:35,00:07:17,denis
warning,scheduled task 672,24482,12:10:38,12:19:14,00:08:36,denis
